{"stats":{"minecraft:dropped":{"minecraft:cobblestone":1,"minecraft:stick":6,"minecraft:oxeye_daisy":2,"minecraft:dirt":3,"minecraft:dandelion":1,"minecraft:bowl":1,"minecraft:wheat":2,"minecraft:rotten_flesh":1,"minecraft:oak_planks":4,"minecraft:stripped_oak_log":5,"minecraft:white_bed":1},"minecraft:custom":{"minecraft:mob_kills":33,"minecraft:animals_bred":4,"minecraft:interact_with_crafting_table":55,"minecraft:leave_game":2,"minecraft:time_since_death":36026,"minecraft:climb_one_cm":1056,"minecraft:sprint_one_cm":951128,"minecraft:walk_one_cm":756540,"minecraft:drop":17,"minecraft:play_time":203548,"minecraft:deaths":5,"minecraft:sneak_time":4438,"minecraft:walk_under_water_one_cm":33241,"minecraft:boat_one_cm":236255,"minecraft:jump":4336,"minecraft:walk_on_water_one_cm":80826,"minecraft:total_world_time":203548,"minecraft:interact_with_furnace":30,"minecraft:sleep_in_bed":15,"minecraft:time_since_rest":12469,"minecraft:damage_taken":1693,"minecraft:damage_dealt":18645,"minecraft:swim_one_cm":58739,"minecraft:fly_one_cm":949874,"minecraft:open_chest":23,"minecraft:crouch_one_cm":8536,"minecraft:fall_one_cm":97659},"minecraft:crafted":{"minecraft:wooden_sword":2,"minecraft:oak_planks":420,"minecraft:stone_shovel":1,"minecraft:furnace":2,"minecraft:cooked_mutton":8,"minecraft:glass":35,"minecraft:iron_axe":2,"minecraft:ladder":6,"minecraft:iron_hoe":1,"minecraft:stone_pickaxe":1,"minecraft:chest":1,"minecraft:spruce_boat":1,"minecraft:rail":112,"minecraft:oak_fence":24,"minecraft:minecart":1,"minecraft:cooked_beef":1,"minecraft:oak_slab":6,"minecraft:wooden_shovel":1,"minecraft:crafting_table":7,"minecraft:spruce_planks":12,"minecraft:wooden_pickaxe":1,"minecraft:baked_potato":5,"minecraft:iron_sword":1,"minecraft:bucket":2,"minecraft:birch_planks":20,"minecraft:stone_axe":1,"minecraft:bread":2,"minecraft:air":0,"minecraft:oak_fence_gate":2,"minecraft:oak_boat":1,"minecraft:wooden_hoe":1,"minecraft:charcoal":7,"minecraft:stick":116,"minecraft:iron_pickaxe":4,"minecraft:oak_stairs":44,"minecraft:iron_shovel":1,"minecraft:white_bed":4,"minecraft:torch":8},"minecraft:used":{"minecraft:oak_fence":5,"minecraft:cherry_sapling":1,"minecraft:iron_shovel":47,"minecraft:stone_shovel":131,"minecraft:ladder":4,"minecraft:chest":1,"minecraft:iron_sword":48,"minecraft:wooden_shovel":61,"minecraft:rotten_flesh":1,"minecraft:torch":8,"minecraft:dirt":124,"minecraft:mutton":5,"minecraft:carrot":37,"minecraft:spruce_boat":8,"minecraft:glass":33,"minecraft:iron_hoe":52,"minecraft:lava_bucket":5,"minecraft:iron_axe":229,"minecraft:oak_stairs":40,"minecraft:beef":3,"minecraft:furnace":2,"minecraft:beetroot_seeds":8,"minecraft:egg":3,"minecraft:cooked_beef":1,"minecraft:potato":9,"minecraft:wheat_seeds":31,"minecraft:cooked_mutton":6,"minecraft:water_bucket":4,"minecraft:stone_pickaxe":12,"minecraft:baked_potato":5,"minecraft:oak_planks":220,"minecraft:wooden_pickaxe":24,"minecraft:composter":1,"minecraft:rail":110,"minecraft:oak_slab":1,"minecraft:crafting_table":9,"minecraft:white_bed":7,"minecraft:oak_log":2,"minecraft:wooden_hoe":54,"minecraft:bread":14,"minecraft:iron_pickaxe":11,"minecraft:spruce_sapling":1,"minecraft:stone_axe":81,"minecraft:pink_petals":16,"minecraft:wooden_sword":94,"minecraft:porkchop":3,"minecraft:bucket":10,"minecraft:yellow_bed":5,"minecraft:oak_boat":1},"minecraft:killed":{"minecraft:iron_golem":18,"minecraft:sheep":12,"minecraft:cow":2},"minecraft:broken":{"minecraft:wooden_shovel":1,"minecraft:iron_axe":1,"minecraft:wooden_sword":1,"minecraft:stone_axe":1,"minecraft:wooden_hoe":1,"minecraft:stone_shovel":1},"minecraft:picked_up":{"minecraft:crafting_table":3,"minecraft:wheat":24,"minecraft:azure_bluet":2,"minecraft:ladder":14,"minecraft:brown_mushroom":3,"minecraft:wooden_pickaxe":3,"minecraft:gold_block":1,"minecraft:cornflower":6,"minecraft:wooden_sword":1,"minecraft:beetroot":7,"minecraft:beef":4,"minecraft:poppy":24,"minecraft:iron_pickaxe":3,"minecraft:minecart":1,"minecraft:sugar_cane":4,"minecraft:egg":17,"minecraft:furnace":2,"minecraft:stick":29,"minecraft:composter":1,"minecraft:oak_fence":29,"minecraft:torch":2,"minecraft:bowl":3,"minecraft:porkchop":3,"minecraft:carrot":56,"minecraft:stone_shovel":2,"minecraft:rotten_flesh":2,"minecraft:beetroot_seeds":27,"minecraft:mutton":25,"minecraft:white_wool":24,"minecraft:rail":6,"minecraft:cobblestone":34,"minecraft:oxeye_daisy":4,"minecraft:stripped_oak_log":22,"minecraft:birch_log":16,"minecraft:leather":8,"minecraft:potato":26,"minecraft:oak_log":106,"minecraft:yellow_bed":6,"minecraft:wooden_hoe":2,"minecraft:dirt":366,"minecraft:leather_boots":3,"minecraft:wheat_seeds":170,"minecraft:iron_ingot":96,"minecraft:stone_pickaxe":3,"minecraft:oak_fence_gate":6,"minecraft:moss_block":1,"minecraft:oak_planks":76,"minecraft:iron_sword":1,"minecraft:pumpkin":25,"minecraft:sweet_berries":15,"minecraft:dandelion":23,"minecraft:sand":47,"minecraft:spruce_sapling":3,"minecraft:white_bed":5,"minecraft:spruce_log":6,"minecraft:leather_helmet":3,"minecraft:iron_hoe":1,"minecraft:spruce_boat":7,"minecraft:stone_axe":2,"minecraft:bread":24,"minecraft:oak_sapling":27,"minecraft:coal":35},"minecraft:mined":{"minecraft:white_bed":4,"minecraft:ladder":2,"minecraft:grass_block":115,"minecraft:spruce_leaves":23,"minecraft:composter":1,"minecraft:oxeye_daisy":2,"minecraft:carrots":24,"minecraft:pumpkin":7,"minecraft:azure_bluet":1,"minecraft:gold_block":1,"minecraft:potatoes":9,"minecraft:rail":5,"minecraft:dirt_path":1,"minecraft:stripped_oak_log":12,"minecraft:packed_ice":2,"minecraft:stone":25,"minecraft:brown_mushroom":3,"minecraft:dandelion":12,"minecraft:powder_snow":83,"minecraft:cornflower":3,"minecraft:oak_fence":5,"minecraft:crafting_table":3,"minecraft:torch":2,"minecraft:short_grass":125,"minecraft:glass":2,"minecraft:tall_grass":47,"minecraft:oak_planks":5,"minecraft:birch_log":5,"minecraft:wheat":50,"minecraft:spruce_log":6,"minecraft:yellow_bed":5,"minecraft:oak_log":106,"minecraft:coal_ore":11,"minecraft:beetroots":14,"minecraft:sand":47,"minecraft:dirt":119,"minecraft:oak_leaves":15,"minecraft:fern":2},"minecraft:killed_by":{"minecraft:iron_golem":3,"minecraft:drowned":1,"minecraft:guardian":1}},"DataVersion":3953}