{"stats":{"minecraft:used":{"minecraft:dirt":4},"minecraft:mined":{"minecraft:short_grass":16,"minecraft:grass_block":2,"minecraft:dirt":2},"minecraft:custom":{"minecraft:jump":21,"minecraft:time_since_rest":1996,"minecraft:damage_dealt":63,"minecraft:leave_game":2,"minecraft:crouch_one_cm":62,"minecraft:play_time":1996,"minecraft:sprint_one_cm":3356,"minecraft:damage_taken":10,"minecraft:time_since_death":1996,"minecraft:walk_one_cm":6929,"minecraft:sneak_time":14,"minecraft:total_world_time":1996,"minecraft:fall_one_cm":753,"minecraft:fly_one_cm":9133},"minecraft:picked_up":{"minecraft:dirt":4}},"DataVersion":3953}