{"stats":{"minecraft:used":{"minecraft:stone_sword":9,"minecraft:wooden_pickaxe":8,"minecraft:stone_hoe":6,"minecraft:sand":47,"minecraft:crafting_table":4,"minecraft:carrot":1,"minecraft:cave_spider_spawn_egg":1,"minecraft:creeper_spawn_egg":2,"minecraft:spruce_boat":7,"minecraft:grass_block":35,"minecraft:bread":20,"minecraft:iron_pickaxe":3,"minecraft:stone_axe":55,"minecraft:pink_petals":35,"minecraft:yellow_bed":6,"minecraft:cherry_log":3,"minecraft:splash_potion":8},"minecraft:picked_up":{"minecraft:pink_petals":99,"minecraft:chicken":1,"minecraft:leather":1,"minecraft:oak_log":1,"minecraft:brewing_stand":1,"minecraft:yellow_bed":6,"minecraft:dirt":14,"minecraft:wheat_seeds":3,"minecraft:beef":8,"minecraft:grindstone":1,"minecraft:sugar_cane":9,"minecraft:stone_hoe":1,"minecraft:egg":4,"minecraft:stick":5,"minecraft:sand":18,"minecraft:porkchop":7,"minecraft:cherry_log":19,"minecraft:spruce_sapling":3,"minecraft:spruce_log":6,"minecraft:cauldron":3,"minecraft:spider_eye":1,"minecraft:spruce_boat":6,"minecraft:hay_block":6,"minecraft:cherry_sapling":5,"minecraft:mutton":16,"minecraft:cobblestone":6,"minecraft:white_wool":11},"minecraft:dropped":{"minecraft:stone_hoe":2,"minecraft:bread":24,"minecraft:leather":1,"minecraft:stick":2,"minecraft:dirt":1,"minecraft:wooden_pickaxe":1},"minecraft:killed":{"minecraft:cave_spider":1,"minecraft:pig":5,"minecraft:sheep":11,"minecraft:chicken":1,"minecraft:enderman":1,"minecraft:cow":3},"minecraft:custom":{"minecraft:mob_kills":22,"minecraft:interact_with_crafting_table":6,"minecraft:leave_game":14,"minecraft:time_since_death":80731,"minecraft:sleep_in_bed":5,"minecraft:time_since_rest":3586,"minecraft:sprint_one_cm":358794,"minecraft:damage_taken":441,"minecraft:walk_one_cm":139526,"minecraft:drop":7,"minecraft:damage_dealt":2577,"minecraft:swim_one_cm":22080,"minecraft:talked_to_villager":1,"minecraft:fly_one_cm":534038,"minecraft:open_chest":4,"minecraft:crouch_one_cm":77,"minecraft:play_time":80731,"minecraft:sneak_time":106,"minecraft:walk_under_water_one_cm":2531,"minecraft:boat_one_cm":124005,"minecraft:jump":2080,"minecraft:walk_on_water_one_cm":7193,"minecraft:total_world_time":80731,"minecraft:fall_one_cm":48392},"minecraft:mined":{"minecraft:cherry_log":19,"minecraft:powder_snow":6,"minecraft:brewing_stand":1,"minecraft:short_grass":6,"minecraft:tall_grass":1,"minecraft:spruce_leaves":5,"minecraft:grindstone":1,"minecraft:sugar_cane":5,"minecraft:pink_petals":34,"minecraft:hay_block":6,"minecraft:spruce_log":6,"minecraft:yellow_bed":6,"minecraft:oak_log":1,"minecraft:water_cauldron":3,"minecraft:cherry_leaves":24,"minecraft:stone":6},"minecraft:crafted":{"minecraft:oak_planks":4,"minecraft:crafting_table":4,"minecraft:spruce_planks":24,"minecraft:bread":72,"minecraft:stick":4,"minecraft:iron_pickaxe":1,"minecraft:spruce_boat":2,"minecraft:wheat":180}},"DataVersion":3953}