{"stats":{"minecraft:dropped":{"minecraft:stone_hoe":2,"minecraft:bread":24,"minecraft:wheat_seeds":8,"minecraft:leather":1,"minecraft:leather_helmet":1,"minecraft:coal":8,"minecraft:stick":12,"minecraft:dirt":1,"minecraft:brewing_stand":3,"minecraft:dandelion":2,"minecraft:stone_axe":3,"minecraft:stone_sword":1,"minecraft:bowl":2,"minecraft:stone_shovel":1,"minecraft:chicken":1,"minecraft:oak_planks":4,"minecraft:filled_map":2,"minecraft:leather_chestplate":1,"minecraft:yellow_bed":1,"minecraft:leather_boots":1,"minecraft:leather_leggings":1,"minecraft:wooden_pickaxe":1},"minecraft:custom":{"minecraft:mob_kills":46,"minecraft:interact_with_crafting_table":35,"minecraft:bell_ring":5,"minecraft:leave_game":15,"minecraft:time_since_death":52755,"minecraft:sprint_one_cm":769024,"minecraft:walk_one_cm":539020,"minecraft:damage_blocked_by_shield":2124,"minecraft:drop":41,"minecraft:talked_to_villager":1,"minecraft:play_time":235446,"minecraft:sneak_time":4626,"minecraft:deaths":1,"minecraft:walk_under_water_one_cm":13827,"minecraft:boat_one_cm":476582,"minecraft:jump":4670,"minecraft:walk_on_water_one_cm":25289,"minecraft:total_world_time":235446,"minecraft:interact_with_furnace":19,"minecraft:sleep_in_bed":17,"minecraft:time_since_rest":3275,"minecraft:damage_taken":1721,"minecraft:damage_dealt":6322,"minecraft:swim_one_cm":46543,"minecraft:fly_one_cm":912854,"minecraft:open_chest":46,"minecraft:crouch_one_cm":10311,"minecraft:fall_one_cm":97301},"minecraft:crafted":{"minecraft:oak_planks":140,"minecraft:stone_shovel":1,"minecraft:furnace":2,"minecraft:cooked_mutton":16,"minecraft:iron_boots":1,"minecraft:iron_axe":1,"minecraft:chest":4,"minecraft:spruce_boat":2,"minecraft:wheat":180,"minecraft:cooked_beef":16,"minecraft:crafting_table":7,"minecraft:spruce_planks":24,"minecraft:iron_helmet":1,"minecraft:iron_sword":1,"minecraft:stone_axe":1,"minecraft:bread":75,"minecraft:air":0,"minecraft:oak_boat":2,"minecraft:iron_chestplate":1,"minecraft:shield":1,"minecraft:stick":93,"minecraft:iron_ingot":21,"minecraft:iron_pickaxe":3,"minecraft:stone_sword":1,"minecraft:iron_shovel":2,"minecraft:iron_leggings":1,"minecraft:white_bed":1,"minecraft:torch":168},"minecraft:used":{"minecraft:stone_sword":40,"minecraft:iron_shovel":303,"minecraft:stone_shovel":80,"minecraft:shield":36,"minecraft:chest":6,"minecraft:iron_sword":27,"minecraft:bell":4,"minecraft:stone_hoe":6,"minecraft:iron_chestplate":1,"minecraft:torch":139,"minecraft:dirt":409,"minecraft:carrot":1,"minecraft:granite":8,"minecraft:spruce_boat":8,"minecraft:iron_axe":11,"minecraft:grass_block":35,"minecraft:iron_boots":1,"minecraft:furnace":2,"minecraft:oak_sapling":6,"minecraft:cooked_cod":1,"minecraft:egg":13,"minecraft:cobbled_deepslate":1,"minecraft:cherry_log":3,"minecraft:iron_leggings":1,"minecraft:leather_leggings":1,"minecraft:wooden_pickaxe":8,"minecraft:sugar_cane":42,"minecraft:sand":58,"minecraft:crafting_table":7,"minecraft:cave_spider_spawn_egg":1,"minecraft:white_bed":7,"minecraft:creeper_spawn_egg":2,"minecraft:bread":51,"minecraft:iron_pickaxe":371,"minecraft:suspicious_stew":1,"minecraft:stone_axe":106,"minecraft:pink_petals":35,"minecraft:cobblestone":120,"minecraft:andesite":3,"minecraft:yellow_bed":13,"minecraft:oak_boat":3,"minecraft:splash_potion":8},"minecraft:broken":{"minecraft:iron_shovel":1,"minecraft:iron_pickaxe":1},"minecraft:killed":{"minecraft:cave_spider":1,"minecraft:spider":2,"minecraft:skeleton":3,"minecraft:chicken":1,"minecraft:pig":5,"minecraft:sheep":11,"minecraft:zombie":13,"minecraft:cow":7,"minecraft:enderman":2},"minecraft:picked_up":{"minecraft:chicken":1,"minecraft:leather_leggings":1,"minecraft:brewing_stand":4,"minecraft:shield":1,"minecraft:string":4,"minecraft:raw_copper":21,"minecraft:cobbled_deepslate":4,"minecraft:beef":36,"minecraft:oak_boat":2,"minecraft:iron_pickaxe":2,"minecraft:sugar_cane":42,"minecraft:chest":2,"minecraft:egg":17,"minecraft:raw_iron":43,"minecraft:stick":18,"minecraft:torch":65,"minecraft:bowl":1,"minecraft:porkchop":14,"minecraft:cherry_log":19,"minecraft:diorite":2,"minecraft:cauldron":3,"minecraft:stone_sword":1,"minecraft:arrow":2,"minecraft:rotten_flesh":13,"minecraft:stone_shovel":1,"minecraft:hay_block":6,"minecraft:mutton":32,"minecraft:white_wool":11,"minecraft:cobblestone":172,"minecraft:pink_petals":99,"minecraft:andesite":4,"minecraft:leather":1,"minecraft:filled_map":4,"minecraft:tuff":6,"minecraft:oak_log":35,"minecraft:yellow_bed":13,"minecraft:lapis_lazuli":89,"minecraft:dirt":424,"minecraft:leather_boots":1,"minecraft:bone":4,"minecraft:wheat_seeds":17,"minecraft:raw_gold":6,"minecraft:bell":4,"minecraft:grindstone":1,"minecraft:stone_hoe":1,"minecraft:oak_planks":5,"minecraft:dandelion":2,"minecraft:sand":68,"minecraft:spruce_sapling":3,"minecraft:spruce_log":6,"minecraft:white_bed":7,"minecraft:spider_eye":3,"minecraft:leather_helmet":1,"minecraft:spruce_boat":6,"minecraft:stone_axe":2,"minecraft:granite":10,"minecraft:cherry_sapling":5,"minecraft:bread":27,"minecraft:oak_sapling":6,"minecraft:coal":136,"minecraft:ender_pearl":1},"minecraft:mined":{"minecraft:tuff":6,"minecraft:white_bed":7,"minecraft:oak_sapling":1,"minecraft:cherry_log":19,"minecraft:brewing_stand":1,"minecraft:granite":10,"minecraft:grass_block":334,"minecraft:spruce_leaves":5,"minecraft:hay_block":6,"minecraft:iron_ore":28,"minecraft:andesite":4,"minecraft:deepslate_lapis_ore":11,"minecraft:bell":4,"minecraft:deepslate_iron_ore":1,"minecraft:dirt_path":1,"minecraft:water_cauldron":3,"minecraft:stone":157,"minecraft:dandelion":1,"minecraft:powder_snow":6,"minecraft:torch":3,"minecraft:short_grass":13,"minecraft:chest":2,"minecraft:copper_ore":6,"minecraft:tall_grass":2,"minecraft:cobblestone":5,"minecraft:deepslate_coal_ore":4,"minecraft:lapis_ore":3,"minecraft:deepslate_gold_ore":1,"minecraft:grindstone":1,"minecraft:sugar_cane":23,"minecraft:diorite":2,"minecraft:wall_torch":2,"minecraft:pink_petals":34,"minecraft:spruce_log":6,"minecraft:birch_leaves":1,"minecraft:yellow_bed":13,"minecraft:oak_log":35,"minecraft:coal_ore":121,"minecraft:cherry_leaves":24,"minecraft:sand":48,"minecraft:dirt":58,"minecraft:gold_ore":5,"minecraft:deepslate":4,"minecraft:oak_leaves":33},"minecraft:killed_by":{"minecraft:zombie":1}},"DataVersion":3953}